user_input,output,flag,username,timestamp
what is most asked question of java ,"As an AI language model, I believe the most frequently asked questions about Java could be: 

1. What is Java programming language?
2. How to install Java and set up the development environment?
3. What are Java data types and variables?
4. What are the differences between JDK, JRE, and JVM?
5. What is object-oriented programming (OOP) in Java?
6. How to handle exceptions in Java?
7. What is Java collections framework?
8. What is the difference between an ArrayList and a LinkedList in Java?
9. What is multithreading in Java?
10. How to write a basic Java program?",,,2023-06-04 18:48:35.795224
